Job ID,Job URL,Job Title,Company Name,Status,Timestamp,WP ID
93a544be4e851f45,https://fr.linkedin.com/jobs/view/plusieurs-missions-%C3%A0-pourvoir-%C3%A0-bordeaux-at-banques-alimentaires-4437106469,Plusieurs missions à pourvoir à Bordeaux,,scraped,2026-07-07T00:30:06.666335,
8171472e5f719f8c,https://fr.linkedin.com/jobs/view/alternance-data-analyst-assistant-h-f-septembre-2026-at-shiseido-asia-pacific-4436092289,Alternance - Data Analyst Assistant H/F - Septembre 2026,,scraped,2026-07-07T00:31:17.668519,
7428c0880a0b5c64,https://fr.linkedin.com/jobs/view/plusieurs-missions-%C3%A0-pourvoir-%C3%A0-parthenay-at-banques-alimentaires-4437108397,Plusieurs missions à pourvoir à Parthenay,,scraped,2026-07-07T00:32:28.962546,
cc7d2dacb3fe76e8,https://fr.linkedin.com/jobs/view/plusieurs-missions-%C3%A0-pourvoir-%C3%A0-angers-at-banques-alimentaires-4436997897,Plusieurs missions à pourvoir à Angers,,scraped,2026-07-07T00:32:36.005172,
a127ba43cd9b4d3d,https://fr.linkedin.com/jobs/view/plusieurs-missions-%C3%A0-pourvoir-%C3%A0-lannion-at-banques-alimentaires-4436996935,Plusieurs missions à pourvoir à Lannion,,scraped,2026-07-07T00:32:42.997367,
5fd6ccd4d305f1a4,https://fr.linkedin.com/jobs/view/receptionniste-h-f-at-ibis-styles-strasbourg-nord-palais-des-congr%C3%A8s-4436799797,RECEPTIONNISTE H/F,,scraped,2026-07-07T00:32:49.988759,
90a28c468c5d2c9f,https://fr.linkedin.com/jobs/view/assistant%C2%B7e-gestion-locative-at-orpi-4437102794,Assistant·e gestion locative,,scraped,2026-07-07T00:32:57.609982,
7d73697760e0241d,https://fr.linkedin.com/jobs/view/second-de-p%C3%A2tisserie-h-f-at-ben-touch-4436070898,Second de pâtisserie H/F,Ben Touch,posted,2026-07-07T00:34:19.677855,19
f16d072dd39a3dcb,https://fr.linkedin.com/jobs/view/plongeur-h-f-at-ch%C3%A2teau-l-hospitalet-wine-resort-beach-spa-5-4436750178,Plongeur (H/F),,scraped,2026-07-07T00:34:22.268744,
bebb2a9a6e89b7c1,https://fr.linkedin.com/jobs/view/assistant%C2%B7e-gestion-locative-at-orpi-4437106526,Assistant·e gestion locative,,scraped,2026-07-07T00:34:29.546142,
92ea66dbc401e683,https://fr.linkedin.com/jobs/view/r%C3%A9gisseur-lumi%C3%A8re-at-mairie-saint-jean-de-luz-4436398858,Régisseur lumière,,scraped,2026-07-07T00:34:37.406215,
5572579dbfd7f00d,https://fr.linkedin.com/jobs/view/green-flags-of-a-positive-workplace-at-usajobs-topapplicant-4437469259,Green Flags of a Positive Workplace,USAJobs-TopApplicant,posted,2026-07-07T00:34:57.152411,21
e390bed238f976ba,https://fr.linkedin.com/jobs/view/r%C3%B4le-test-at-acco-brands-4397281112,Rôle test,ACCO Brands,posted,2026-07-07T00:35:07.095355,23
fd879f3b63c818ac,https://fr.linkedin.com/jobs/view/dashboard-backtest-at-sss-capital-4436257177,Dashboard Backtest,SSS Capital,posted,2026-07-07T00:35:16.377463,25
3f3493536a5672cd,https://fr.linkedin.com/jobs/view/site-de-paimpol-ash-office-100%25-at-h%C3%B4pital-de-saint-brieuc-4436481888,SITE DE PAIMPOL - ASH OFFICE- 100%,,scraped,2026-07-07T00:35:18.976291,
3c45e104f011973f,https://fr.linkedin.com/jobs/view/candidatures-spontan%C3%A9es-rambervillers-h-f-at-egger-france-4305250281,Candidatures spontanées Rambervillers H/F,,scraped,2026-07-07T00:35:28.519024,
48518e9a43dd291d,https://fr.linkedin.com/jobs/view/boulanger-h-f-at-leclerc-le-poire-sur-vie-4436428024,BOULANGER - H/F,,scraped,2026-07-07T00:35:35.380859,
bc8e813517c1ba47,https://fr.linkedin.com/jobs/view/boulanger-h-f-at-groupe-crescendo-restauration-4436905570,BOULANGER H/F,GROUPE CRESCENDO RESTAURATION,posted,2026-07-07T00:35:50.449363,27
715a5f5222952afa,https://fr.linkedin.com/jobs/view/boulanger-f-h-at-carrefour-4433748322,Boulanger (F/H),Carrefour,posted,2026-07-07T00:36:02.803832,29
dc1da786595e9b63,https://fr.linkedin.com/jobs/view/driver-at-autozone-4435017865,Driver,AutoZone,posted,2026-07-07T00:36:13.277241,31
0d9e7bd9cbb80be3,https://fr.linkedin.com/jobs/view/repartidor-profesional-at-autozone-4435213776,REPARTIDOR PROFESIONAL,AutoZone,posted,2026-07-07T00:36:22.930276,33
b28c77340bc7ad43,https://fr.linkedin.com/jobs/view/polisseur-h-f-at-van-cleef-arpels-4425812767,Polisseur (H/F),Van Cleef & Arpels,posted,2026-07-07T00:38:14.432210,35
47b9a9d6330f0e34,https://fr.linkedin.com/jobs/view/chauffeur-de-collecte-de-donn%C3%A9es-cartographiques-saint-flour-france-at-tsmg-holding-4436133405,"Chauffeur de collecte de données cartographiques, Saint-Flour, France",,scraped,2026-07-07T00:38:17.372287,
bf2f2a25b465a732,https://fr.linkedin.com/jobs/view/a-fermer-at-cs-group-4436347561,A fermer,,scraped,2026-07-07T00:38:24.729766,
b8b618001d05ac78,https://fr.linkedin.com/jobs/view/boulanger-h-f-at-leclerc-le-poire-sur-vie-4436423302,BOULANGER - H/F,,scraped,2026-07-07T00:39:37.738328,
e9b031cf239d2e1b,https://fr.linkedin.com/jobs/view/chauffeur-de-collecte-de-donn%C3%A9es-cartographiques-m%C3%A2con-france-at-tsmg-holding-4436147026,"Chauffeur de collecte de données cartographiques,  Mâcon, France",,scraped,2026-07-07T00:40:47.844474,
c89a44b9a0a1c331,https://fr.linkedin.com/jobs/view/technical-security-expert-at-spendesk-4436399069,Technical Security Expert,,scraped,2026-07-07T00:40:55.112221,
b1668b9e8b8326c1,https://fr.linkedin.com/jobs/view/allotisseur-h-f-at-sodexo-4435453613,Allotisseur H/F,,scraped,2026-07-07T00:41:01.770986,
a7be3a6bee71eaa3,https://fr.linkedin.com/jobs/view/conducteur-de-balayeuse-h-f-at-groupe-brandizi-4436976807,CONDUCTEUR DE BALAYEUSE H/F,,scraped,2026-07-07T00:42:12.178513,
7c401d448dbda6ae,https://fr.linkedin.com/jobs/view/jardinier-h-f-at-home-services-4435277330,JARDINIER (H/F),,scraped,2026-07-07T00:42:19.123838,
f1b8e8d8ebbd7889,https://fr.linkedin.com/jobs/view/boulanger-h-f-at-atelier-banette-4435451912,Boulanger H/F,,scraped,2026-07-07T00:42:26.913893,
d10515167aa08008,https://fr.linkedin.com/jobs/view/spa-intendant-h-f-at-le-couvent-des-minimes-un-h%C3%B4tel-spa-l-occitane-en-provence-4432345958,SPA Intendant H/F,,scraped,2026-07-07T00:42:33.827535,
669163b5eef09fdb,https://fr.linkedin.com/jobs/view/assistant-at-totalenergies-4417487735,Assistant,,scraped,2026-07-07T00:42:41.514519,
511742cf7fa4bd67,https://fr.linkedin.com/jobs/view/ads-secteur-var-at-groupe-protector-4436211805,ADS - Secteur Var,GROUPE PROTECTOR,posted,2026-07-07T00:44:00.229602,37
89dbf551b856efa2,https://fr.linkedin.com/jobs/view/on-site-medical-representative-at-amazon-4427669683,On Site Medical Representative,Amazon,posted,2026-07-07T00:44:09.924914,39
5a677dd568524143,https://fr.linkedin.com/jobs/view/urgentiste-%C3%A0-albi-dans-le-tarn-81-at-elsan-4435139360,Urgentiste à Albi dans le Tarn (81),,scraped,2026-07-07T00:44:12.484907,
ff7663c44dfd0693,https://fr.linkedin.com/jobs/view/affr%C3%A9teur-h-f-at-xpo-logistics-4425630002,Affréteur (H/F),XPO Logistics,posted,2026-07-07T00:45:35.333134,41
bc0ce33754205326,https://fr.linkedin.com/jobs/view/boulanger-h-f-at-la-boulangerie-du-march%C3%A9-4435806337,Boulanger (H/F),,scraped,2026-07-07T00:45:37.917412,
e09a715f17738f29,https://fr.linkedin.com/jobs/view/valet-femme-de-chambre-f-h-at-beautiful-life-hotels-4436400604,Valet/Femme de chambre F/H,,scraped,2026-07-07T00:45:44.306044,
d5f641933eafd7af,https://fr.linkedin.com/jobs/view/convoyeur-de-fonds-h-f-at-brink%E2%80%99s-inc-4407885687,Convoyeur de fonds H/F,Brink’s Inc,posted,2026-07-07T00:45:58.753868,43
5786a61382ac948f,https://fr.linkedin.com/jobs/view/conseiller%C2%B7e-immobilier-transaction-at-orpi-4437113163,Conseiller·e immobilier transaction,,scraped,2026-07-07T00:46:01.425341,
c8a475ed547970bf,https://fr.linkedin.com/jobs/view/conseiller%C2%B7e-immobilier-transaction-at-orpi-4437108468,Conseiller·e immobilier transaction,,scraped,2026-07-07T00:47:11.582962,
1456afe91c0bb527,https://fr.linkedin.com/jobs/view/docentes-en-todas-las-%C3%A1reas-para-vinculaci%C3%B3n-en-proyecto-educativo-at-you-create-academy-4437188477,Docentes en todas las áreas para vinculación en proyecto educativo,You Create Academy,posted,2026-07-07T00:48:29.949707,45
a064ca1c5ddb54f7,https://fr.linkedin.com/jobs/view/charg%C3%A9-de-communication-digitale-h-f-%E2%80%93-alternance-at-eemi-4437159256,Chargé de Communication Digitale H/F – Alternance,EEMI - L'École Européenne des Métiers de l'Internet,posted,2026-07-07T00:49:45.308400,47
6441ef8cc3e09a22,https://fr.linkedin.com/jobs/view/job-%C3%A9tudiant-professeur-particulier-t%C3%A9l%C3%A9travail-possible-at-tus-media-4436091891,Job étudiant - Professeur Particulier - Télétravail possible,,scraped,2026-07-07T00:49:47.931056,
ec39f32da714c6e8,https://fr.linkedin.com/jobs/view/conseiller%C2%B7e-immobilier-transaction-at-orpi-4437106537,Conseiller·e immobilier transaction,,scraped,2026-07-07T00:49:56.050727,
913334ebef4ae0c5,https://fr.linkedin.com/jobs/view/conseiller%C2%B7e-immobilier-transaction-at-orpi-4436998933,Conseiller·e immobilier transaction,,scraped,2026-07-07T00:50:02.639697,
42018e3a17d4b4e0,https://fr.linkedin.com/jobs/view/conseiller%C2%B7e-immobilier-transaction-at-orpi-4437115107,Conseiller·e immobilier transaction,,scraped,2026-07-07T00:51:12.653177,
ab5e37179b06f8ce,https://fr.linkedin.com/jobs/view/directrice-directeur-de-magasin-adjoint-f-h-at-courir-4437164776,Directrice - Directeur de Magasin Adjoint - F/H,,scraped,2026-07-07T00:52:23.136393,
85805eda3d087251,https://fr.linkedin.com/jobs/view/raf-at-leonar-4436075667,RAF,,scraped,2026-07-07T00:52:30.833605,
aeac16eb2ae60988,https://fr.linkedin.com/jobs/view/conseiller-immobilier-at-bsk-immobilier-4436734612,Conseiller immobilier,,scraped,2026-07-07T00:52:37.005804,
a83f59ffe59d24f6,https://fr.linkedin.com/jobs/view/femme-de-chambre-valet-de-chambre-at-hively-hospitality-4416661684,Femme de chambre / Valet de chambre,Hively Hospitality,posted,2026-07-07T00:52:52.715571,49
455bd45425150928,https://fr.linkedin.com/jobs/view/barman-f-h-at-accor-4434683169,Barman F/H,Accor,posted,2026-07-07T00:53:05.420145,51
8f3ce38136a2ee26,https://fr.linkedin.com/jobs/view/porteur-porteuse-de-repas-at-f%C3%A9d%C3%A9ration-admr-de-la-charente-4432784062,PORTEUR / PORTEUSE DE REPAS,,scraped,2026-07-07T00:53:08.162954,
29f38d4294950226,https://fr.linkedin.com/jobs/view/veilleur-de-nuit-yoann-conte-collection-at-yoann-conte-4437487181,Veilleur de nuit / Yoann Conte Collection,,scraped,2026-07-07T00:53:14.831000,
acd22ea75034f4d3,https://fr.linkedin.com/jobs/view/equipment-operator-at-the-inland-group-of-companies-4436062249,Equipment Operator,,scraped,2026-07-07T00:53:26.532701,
ebb804d1eac245a6,https://fr.linkedin.com/jobs/view/venture-scout-at-arcovia-4435549155,Venture Scout,Arcovia,posted,2026-07-07T00:54:44.507765,53
f778b351e4bb88b1,https://fr.linkedin.com/jobs/view/ripeur-h-f-manpower-at-energie-recrute-4434234485,Ripeur H/F - MANPOWER,ENERGIE RECRUTE,posted,2026-07-07T00:54:56.825316,55
828206d9c9711ff4,https://fr.linkedin.com/jobs/view/agent-de-service-h-f-at-babilou-4432344200,Agent de Service H/F,,scraped,2026-07-07T00:54:59.461525,
60044bf6c2b85f14,https://fr.linkedin.com/jobs/view/agent-afis-polyvalent-f-h-x-at-edeis-4435437146,Agent AFIS Polyvalent F/H/X,,scraped,2026-07-07T00:56:10.452959,
13646a256451c76c,https://fr.linkedin.com/jobs/view/conseiller%C2%B7e-immobilier-transaction-at-orpi-4436997972,Conseiller·e immobilier transaction,,scraped,2026-07-07T00:56:18.192192,
3474803373a8e33e,https://fr.linkedin.com/jobs/view/conseiller-commercial-v%C3%A9hicules-neufs-at-stellantis-you-france-4436908441,Conseiller Commercial Véhicules Neufs,Stellantis &You France,posted,2026-07-07T00:56:37.406465,57
6c7407ae9c715a8b,https://fr.linkedin.com/jobs/view/conseiller%C2%B7e-immobilier-transaction-at-orpi-4437109302,Conseiller·e immobilier transaction,,scraped,2026-07-07T00:56:39.993850,
fabad0a8497debc6,https://fr.linkedin.com/jobs/view/conseiller%C2%B7e-en-immobilier-professionnel-at-orpi-4437101825,Conseiller·e en immobilier professionnel,,scraped,2026-07-07T00:56:46.748245,
f4afea282066028b,https://fr.linkedin.com/jobs/view/serveur-serveuse-at-le-comptoir-du-malt-4436248360,Serveur - Serveuse,,scraped,2026-07-07T00:57:57.000150,
b2f5e64dbdcd8f44,https://fr.linkedin.com/jobs/view/conseiller%C2%B7e-immobilier-transaction-at-orpi-4437108444,Conseiller·e immobilier transaction,,scraped,2026-07-07T00:58:04.227846,
b19cc027574be35c,https://fr.linkedin.com/jobs/view/responsable-achats-at-kedge-business-school-4437441346,Responsable Achats,KEDGE Business School,posted,2026-07-07T00:58:20.206526,59
e0b7928a38d0b737,https://fr.linkedin.com/jobs/view/coach-sportif-h-f-at-l-appart-fitness-4436251201,Coach sportif H/F,,scraped,2026-07-07T00:58:22.790901,
c7e608602a5a2cb6,https://fr.linkedin.com/jobs/view/directeur-de-magasin-h-f-at-boulanger-4437173155,Directeur de Magasin H/F,,scraped,2026-07-07T00:59:33.569167,
c1cddc62baae7b03,https://fr.linkedin.com/jobs/view/coordinateur-trice-d%C3%A9veloppement-vip-f-h-x-at-celine-4437427371,Coordinateur(trice) Développement VIP F/H/X,,scraped,2026-07-07T00:59:40.177076,
27916dfc5789357d,https://fr.linkedin.com/jobs/view/conseiller%C2%B7e-immobilier-transaction-at-orpi-4436997961,Conseiller·e immobilier transaction,,scraped,2026-07-07T00:59:47.078717,
3c0a75858d8034e3,https://fr.linkedin.com/jobs/view/r%C3%A9ceptionniste-polyvalent-h-f-x-at-sohoma-4436932968,Réceptionniste polyvalent (H/F/X),,scraped,2026-07-07T00:59:53.797215,
55e29787f20dcdf2,https://fr.linkedin.com/jobs/view/conseiller-commercial-automobile-v%C3%A9hicules-neuf-at-volkswagen-group-france-formation-rh-r%C3%A9seaux-4437468526,Conseiller Commercial Automobile Véhicules neuf...,Volkswagen Group France Formation &amp; RH Réseaux,posted,2026-07-07T01:00:10.277776,61
cc98ebee630e25c5,https://fr.linkedin.com/jobs/view/conseiller%C2%B7e-immobilier-transaction-at-orpi-4437100850,Conseiller·e immobilier transaction,,scraped,2026-07-07T01:00:12.842707,
2eedb69067f20743,https://fr.linkedin.com/jobs/view/conseiller%C2%B7e-immobilier-transaction-at-orpi-4437106543,Conseiller·e immobilier transaction,,scraped,2026-07-07T01:00:19.582636,
f8d996ba2f5c2269,https://fr.linkedin.com/jobs/view/junior-react-developer-at-pixel-systems-4436227979,Junior React Developer,,scraped,2026-07-07T01:01:29.770155,
85bf7e1a909a48ac,https://fr.linkedin.com/jobs/view/technicien-lumi%C3%A8re-h-f-at-dushow-4436208180,Technicien lumière H/F,,scraped,2026-07-07T01:01:36.337806,
7d245231dd200158,https://fr.linkedin.com/jobs/view/sales-development-representative-europe-at-giskard-4436991600,Sales Development Representative - Europe,,scraped,2026-07-07T01:01:43.113189,
c7323e728bee5fa7,https://fr.linkedin.com/jobs/view/technico-commercial-fournitures-industrielles-h-f-84-at-foussier-4436763940,Technico commercial Fournitures industrielles H/F (84),,scraped,2026-07-07T01:01:49.547086,
824eb9f3f58dab43,https://fr.linkedin.com/jobs/view/job-%C3%A9tudiant-professeur-particulier-t%C3%A9l%C3%A9travail-possible-at-tus-media-4436091895,Job étudiant - Professeur Particulier - Télétravail possible,,scraped,2026-07-07T01:01:56.386043,
2f3a42294fa506ce,https://fr.linkedin.com/jobs/view/cardiologue-h-f-at-wink-4435295351,Cardiologue H/F,,scraped,2026-07-07T01:02:04.736852,
dad04fa9f021b581,https://fr.linkedin.com/jobs/view/boulanger-h-f-at-coop%C3%A9rative-u-4436952067,Boulanger H/F,Coopérative U,posted,2026-07-07T01:03:21.080755,27
3706678d7d70c08e,https://fr.linkedin.com/jobs/view/stock-keeper-m-f-sancheville-at-vestas-4408539144,Stock Keeper (M/F) - Sancheville,,scraped,2026-07-07T01:03:23.813300,
9086cd026e85f65f,https://fr.linkedin.com/jobs/view/garde-d-enfants-babysitting-h-f-at-yoopala-4435450890,"Garde d'enfants, Babysitting (H/F)",,scraped,2026-07-07T01:03:30.316660,
fd390a045cda521b,https://fr.linkedin.com/jobs/view/boulanger-h-f-at-coop%C3%A9rative-u-4437407997,Boulanger H/F,Coopérative U,posted,2026-07-07T01:03:49.560898,27
9d9bcf111e147513,https://fr.linkedin.com/jobs/view/d%C3%A9veloppeur-terrain-h-f-at-l%E2%80%99univers-noz-4409017429,Développeur terrain - H/F,,scraped,2026-07-07T01:03:52.350891,
ccbbfd73194a343b,https://fr.linkedin.com/jobs/view/poissonnier-e-h-f-at-leclerc-le-poire-sur-vie-4436428096,POISSONNIER(E) - H/F,,scraped,2026-07-07T01:03:59.720240,
a2ed25ee4f62162f,https://fr.linkedin.com/jobs/view/convoyeur-de-fonds-h-f-bordeaux-at-brink%E2%80%99s-inc-4377193970,Convoyeur de fonds H/F - Bordeaux,,scraped,2026-07-07T01:05:09.915942,
3d1d80dcd034cae6,https://fr.linkedin.com/jobs/view/aide-%C3%A0-domicile-h-f-at-home-services-4434983624,AIDE À DOMICILE (H/F),Home-Services,posted,2026-07-07T01:05:56.851894,63
e8cc0858daff06fb,https://fr.linkedin.com/jobs/view/prospecteur-terrain-h-f-at-l%E2%80%99univers-noz-4408284558,Prospecteur terrain - H/F,,scraped,2026-07-07T01:05:59.547141,
e60ff9a51f700123,https://fr.linkedin.com/jobs/view/aide-%C3%A0-domicile-h-f-at-home-services-4435267639,AIDE À DOMICILE (H/F),Home-Services,posted,2026-07-07T01:07:39.882212,65
9a847ce219c72545,https://fr.linkedin.com/jobs/view/boulanger-h-f-at-coop%C3%A9rative-u-4437411843,Boulanger H/F,Coopérative U,posted,2026-07-07T01:07:48.266525,27
5ecf6766fdc49eb6,https://fr.linkedin.com/jobs/view/trieur-f-h-synergie-blois-at-aerocontact-4434728702,Trieur F/H - Synergie Blois,AEROCONTACT.COM,posted,2026-07-07T01:08:00.842981,67
321cb0009fc55f54,https://fr.linkedin.com/jobs/view/couple-d-employ%C3%A9s-de-maison-paris-75008-at-madameestservie-net-recrutement-de-personnel-de-maison-de-luxe-4434338610,Couple d'employés de maison Paris (75008),,scraped,2026-07-07T01:08:03.461260,
38b172b4df6394ee,https://fr.linkedin.com/jobs/view/animateur-baby-club-h-f-at-belambra-4437421019,Animateur Baby Club H/F,,scraped,2026-07-07T01:08:11.468895,
fa67abc6ba7ced92,https://fr.linkedin.com/jobs/view/babysitting-nounou-h-f-at-mykids%21-la-garde-d-enfants-%C3%A0-domicile-4436125116,Babysitting - Nounou H/F,,scraped,2026-07-07T01:09:22.486351,
a5db406fd36c4144,https://fr.linkedin.com/jobs/view/prospecteur-terrain-h-f-at-l%E2%80%99univers-noz-4408282932,Prospecteur terrain - H/F,,scraped,2026-07-07T01:10:33.359051,
f48f7ce3ec920767,https://fr.linkedin.com/jobs/view/jardinier-h-f-at-home-services-4437159371,JARDINIER (H/F),,scraped,2026-07-07T01:11:45.862680,
96c901eeba4edaae,https://fr.linkedin.com/jobs/view/boucher-h-f-at-coop%C3%A9rative-u-4437415716,Boucher H/F,Coopérative U,posted,2026-07-07T01:12:29.039126,69
c968e6eb07e0028d,https://fr.linkedin.com/jobs/view/d%C3%A9veloppeur-terrain-h-f-at-l%E2%80%99univers-noz-4409008612,Développeur terrain H/F,,scraped,2026-07-07T01:12:31.856605,
5b11cf295dcb1ee1,https://fr.linkedin.com/jobs/view/contr%C3%B4leur-de-gestion-f-h-at-ekonsilio-4436721980,Contrôleur de gestion F/H,,scraped,2026-07-07T01:12:40.553582,
76b419812835722e,https://fr.linkedin.com/jobs/view/full-stack-developer-junior-at-leonar-4436084243,Full-Stack Developer (junior),,scraped,2026-07-07T01:13:52.766591,
7375a63e4b98eabf,https://fr.linkedin.com/jobs/view/vp-business-line-food-preparation-at-electrolux-professional-group-4437198618,VP Business Line Food Preparation,,scraped,2026-07-07T01:15:02.604817,
865cd23557fa3304,https://fr.linkedin.com/jobs/view/technicien-vid%C3%A9o-h-f-illkirch-cdi-at-cegelec-alsace-4437193801,Technicien vidéo H/F - ILLKIRCH CDI,,scraped,2026-07-07T01:15:09.055820,
ae2dfce26b1f9532,https://fr.linkedin.com/jobs/view/responsable-qualit%C3%A9-s%C3%A9curit%C3%A9-environnement-f-h-at-guyot-environnement-4436792291,Responsable Qualité Sécurité Environnement F/H,,scraped,2026-07-07T01:15:17.079447,
e6b540e7c50ce90a,https://fr.linkedin.com/jobs/view/directeur-r%C3%A9gional-f-h-at-coiff-idis-4437153340,Directeur Régional F/H,,scraped,2026-07-07T01:15:24.663584,
ce878206986691ad,https://fr.linkedin.com/jobs/view/business-developer-france-h-f-%E2%80%93-avignon-at-tut-tut-france-4437171664,Business Developer France (H/F) – Avignon,,scraped,2026-07-07T01:17:41.000091,
8e10ecf8ef6c42c3,https://fr.linkedin.com/jobs/view/natural-product-chemist-engineer-at-generare-4436250226,Natural Product Chemist / Engineer,,scraped,2026-07-07T01:17:47.756839,
71a86b26b6e5a3c0,https://fr.linkedin.com/jobs/view/professeur-d-espagnol-enseignant-cours-particuliers-at-tus-media-4436209108,Professeur d'espagnol - Enseignant cours particuliers,,scraped,2026-07-07T01:18:58.444953,
7a032d2a23925650,https://fr.linkedin.com/jobs/view/cdi-secr%C3%A9taire-volante-e-%C3%A0-nice-et-environs-laboratoires-de-biologie-m%C3%A9dicale-at-kantysbio-4437138793,CDI Secrétaire volante(e) à Nice et environs - laboratoires de biologie médicale,,scraped,2026-07-07T01:19:06.536085,
ed19f84ad96d1f4f,https://fr.linkedin.com/jobs/view/manager-at-orpi-4437101800,Manager,,scraped,2026-07-07T01:20:17.277447,
85720a731adce06a,https://fr.linkedin.com/jobs/view/alternance-assistant-e-communication-et-marketing-at-laboratoire-creadent-4437448207,Alternance : Assistant(e) Communication et Marketing,,scraped,2026-07-07T01:20:24.149083,
ca40f130c333e578,https://fr.linkedin.com/jobs/view/t%C3%A9l%C3%A9conseiller-automobile-h-f-at-vauban-automobile-4436794871,Téléconseiller Automobile (H/F),,scraped,2026-07-07T01:20:31.570876,
7ba01050f50e1553,https://fr.linkedin.com/jobs/view/juriste-f-h-at-corsair-4436202690,Juriste (F/H),,scraped,2026-07-07T01:21:41.870331,
76ee1e16c6e30e8d,https://fr.linkedin.com/jobs/view/are-you-passionate-about-cities-and-their-leaders%3F-at-nlc-risc-risk-information-sharing-consortium-4436029741,Are you passionate about cities and their leaders?,,scraped,2026-07-07T01:21:48.988342,
7acabd28379b4af2,https://fr.linkedin.com/jobs/view/gestionnaire-parc-immobilier-h-f-at-cogepart-groupe-4436226559,Gestionnaire Parc immobilier H/F,,scraped,2026-07-07T01:23:23.404107,
0037b102f8f6797d,https://fr.linkedin.com/jobs/view/assistant-de-direction-h-f-at-tso-rail-limited-4436946301,Assistant de direction H/F,,scraped,2026-07-07T01:23:33.571533,
2e20225cb4df4723,https://fr.linkedin.com/jobs/view/agent-administratif-animateur-sportif-h-f-at-f%C3%A9d%C3%A9ration-nationale-profession-sport-loisirs-4436041701,agent administratif/animateur sportif (H/F),,scraped,2026-07-07T01:24:44.402541,
1d8286a25cf4a176,https://fr.linkedin.com/jobs/view/conseiller%C2%B7e-immobilier-transaction-at-orpi-4437100816,Conseiller·e immobilier transaction,,scraped,2026-07-07T01:24:51.855819,
8baaa5c574e7ab16,https://fr.linkedin.com/jobs/view/charge-e-de-marketing-operationnel-h-f-stage-at-eataly-4437159290,Charge(e) de Marketing Operationnel H/F_ STAGE,Eataly,posted,2026-07-07T01:25:17.627471,71
109e8ffd818e095e,https://fr.linkedin.com/jobs/view/aide-%C3%A0-domicile-h-f-at-f%C3%A9d%C3%A9ration-admr-aveyron-4432763823,Aide à domicile (H/F),,scraped,2026-07-07T01:25:20.403291,
c9744c2c182e6e21,https://fr.linkedin.com/jobs/view/couple-de-gardiens-eure-27-at-madameestservie-net-recrutement-de-personnel-de-maison-de-luxe-4435465826,Couple de gardiens  Eure (27),,scraped,2026-07-07T01:25:26.942811,
02b65a18e4fe68d5,https://fr.linkedin.com/jobs/view/aide-%C3%A9conome-at-groupe-barri%C3%A8re-4433186472,Aide économe,,scraped,2026-07-07T01:25:34.345788,
99279764150e231a,https://fr.linkedin.com/jobs/view/relais-op%C3%A9rationnel-h-f-at-lynx-4433975370,Relais Opérationnel H/F,,scraped,2026-07-07T01:25:42.427932,
31f861e567ef63fc,https://fr.linkedin.com/jobs/view/fr-personnel-d-etages-h-f-x-at-accor-4436235971,FR - Personnel d'Etages (H/F/X),Accor,posted,2026-07-07T01:26:03.801446,73
c3a1b5a1e1abe7b6,https://fr.linkedin.com/jobs/view/agent-de-propret%C3%A9-h-f-at-aber-propret%C3%A9-4437146560,Agent de propreté H/F,,scraped,2026-07-07T01:26:06.371894,
e0d5b24a5df9678a,https://fr.linkedin.com/jobs/view/aoc-applications-specialist-at-supreme-court-of-arkansas-4435285517,AOC Applications Specialist,,scraped,2026-07-07T01:26:13.530070,
022114c5b2f0239c,https://fr.linkedin.com/jobs/view/ma%C3%AEtresse-de-maison-h-f-at-groupe-sos-4437414518,Maîtresse de maison H/F,,scraped,2026-07-07T01:26:40.063684,
1d837efa8c78df0d,https://fr.linkedin.com/jobs/view/barman-h-f-at-h%C3%B4tel-mercure-la-roche-sur-yon-4432349854,Barman (H/F),,scraped,2026-07-07T01:26:49.757551,
7b71be748c3f7ff8,https://fr.linkedin.com/jobs/view/gestionnaire-paie-h-f-at-association-cmsea-4433936341,Gestionnaire paie H/F,,scraped,2026-07-07T01:26:58.299368,
11f0483f490351fb,https://fr.linkedin.com/jobs/view/charg%C3%A9-e-de-communication-h-f-alternance-at-eemi-4437157360,Chargé(e) de Communication H/F - Alternance,EEMI - L'École Européenne des Métiers de l'Internet,posted,2026-07-07T01:27:17.265309,75
ca4b7a9843d0beec,https://fr.linkedin.com/jobs/view/head-of-legal-compliance-officer-at-world-compliance-academy-4436060898,Head of Legal & Compliance Officer,,scraped,2026-07-07T01:27:20.042896,
2ee78595481fae48,https://fr.linkedin.com/jobs/view/aide-comptable-h-f-at-clinique-pasteur-toulouse-4436913127,Aide Comptable H/F,,scraped,2026-07-07T01:27:27.217552,
2620fb4a049d50b7,https://fr.linkedin.com/jobs/view/approvisionneur-f-h-at-ge16-groupement-d-employeurs-de-la-charente-4437444904,Approvisionneur F/H,,scraped,2026-07-07T01:27:35.444701,
d27202c637224cf1,https://fr.linkedin.com/jobs/view/directeur%C2%B7rice-de-production-at-jonak-4436248309,DIRECTEUR·RICE DE PRODUCTION,,scraped,2026-07-07T01:28:50.445216,
d11b0746bf16f929,https://fr.linkedin.com/jobs/view/responsable-ressources-humaines-f-h-x-at-celine-4437425609,Responsable Ressources Humaines F/H/X,,scraped,2026-07-07T01:28:57.588640,
4f9f3d7cc6101c38,https://fr.linkedin.com/jobs/view/responsable-de-magasin-f-h-at-courir-4437172985,Responsable de Magasin - F/H,,scraped,2026-07-07T01:29:04.389158,
46f387b2d418ebd6,https://fr.linkedin.com/jobs/view/magasinier-h-f-at-saint-maclou-4437449192,MAGASINIER H/F,,scraped,2026-07-07T01:29:12.169794,
758045b0fa57373c,https://fr.linkedin.com/jobs/view/approvisionneur-at-electrolux-professional-group-4436752160,Approvisionneur,,scraped,2026-07-07T01:29:19.540793,
090b2e37c230c755,https://fr.linkedin.com/jobs/view/animateur-petite-enfance-en-cr%C3%A8che-h-f-at-idkids-community-4437170895,Animateur Petite Enfance en crèche H/F,IDKIDS,posted,2026-07-07T01:30:41.769139,77
2f554a5227f706be,https://fr.linkedin.com/jobs/view/carrossier-f-h-at-bmw-mini-pautric-%E2%94%82-nantes-rez%C3%A9-et-la-baule-4436730949,Carrossier F/H,"BMW / MINI Pautric │ Nantes, Rezé et La Baule",posted,2026-07-07T01:31:29.161655,79
057b4ef519ff0140,https://fr.linkedin.com/jobs/view/parks-recreation-recreation-services-specialist-at-rogers-police-department-4436244814,PARKS & RECREATION: Recreation Services Specialist,,scraped,2026-07-07T01:31:31.990998,
e60332f2f01a9b09,https://fr.linkedin.com/jobs/view/bnssa-h-f-h-f-at-f%C3%A9d%C3%A9ration-nationale-profession-sport-loisirs-4436256394,BNSSA H/F (H/F),,scraped,2026-07-07T01:32:41.825376,
e5430ed6186ce984,https://fr.linkedin.com/jobs/view/d%C3%A9sosseur-pareur-h-f-at-arc-prestations-la-ferte-bernard-4436188604,Désosseur / Pareur (H/F),ARC PRESTATIONS LA FERTE BERNARD,posted,2026-07-07T01:32:58.262142,81
d5734d9b0dd40db7,https://fr.linkedin.com/jobs/view/garde-d-enfants-at-famili-zen-services-4435817800,Garde d'enfants,,scraped,2026-07-07T01:33:00.896247,
16e4ebe7c12cf3bf,https://fr.linkedin.com/jobs/view/pr%C3%A9parateur-trice-esth%C3%A9tique-automobile-at-saga-mercedes-benz-4437181092,Préparateur(trice) Esthétique Automobile,,scraped,2026-07-07T01:34:28.037211,
3df612b28407dc8e,https://fr.linkedin.com/jobs/view/assembleur-at-le-froid-pyreneen-2888794382,Assembleur,LE FROID PYRENEEN,posted,2026-07-07T01:34:51.454436,83
8240bbc7c3f19fc4,https://fr.linkedin.com/jobs/view/agent-de-service-at-babilou-4432344199,Agent de service,,scraped,2026-07-07T01:34:54.172748,
4ef33a5316938657,https://fr.linkedin.com/jobs/view/t%C3%A9l%C3%A9prospecteur-h-f-at-vigifrance-4436752215,Téléprospecteur H/F,,scraped,2026-07-07T01:35:01.153012,
f773a7810511ed21,https://fr.linkedin.com/jobs/view/recrutement-non-cadre-usine-f-h-at-wienerberger-4432371196,Recrutement_Non_cadre_Usine (F/H),,scraped,2026-07-07T01:35:11.740831,
093c06e9de1d9214,https://fr.linkedin.com/jobs/view/surveillant-e-de-baignade-f-h-at-yelloh-village-europe-plein-air-sas-4437700366,Surveillant(e) de baignade F/H,,scraped,2026-07-07T01:35:19.014695,
b3c093303f6334e7,https://fr.linkedin.com/jobs/view/nouveaux-talents-pour-abbvie-martillac-vivier-de-talents-at-abbvie-4306603884,Nouveaux Talents pour AbbVie Martillac - Vivier de Talents,AbbVie,posted,2026-07-07T01:35:33.113668,85
0f4e492bb4cafc7c,https://fr.linkedin.com/jobs/view/responsable-caf%C3%A9t%C3%A9ria-scolaire-h-f-at-mille-et-un-repas-1001-repas-4436368551,Responsable cafétéria scolaire H/F,,scraped,2026-07-07T01:35:35.813984,
58c139edb505e7f9,https://fr.linkedin.com/jobs/view/convoyeur-de-fonds-at-brink%E2%80%99s-inc-4261034855,CONVOYEUR DE FONDS,,scraped,2026-07-07T01:35:42.989964,
daf33cac34baf888,https://fr.linkedin.com/jobs/view/plongeur-f-h-at-restalliance-4431548693,Plongeur F/H,,scraped,2026-07-07T01:36:02.445860,
824d3034b751fc6a,https://fr.linkedin.com/jobs/view/coffreur-bancheur-f-h-at-eiffage-construction-4361470088,Coffreur bancheur F/H,,scraped,2026-07-07T01:36:09.684939,
6a9ca2b5d8d688ab,https://fr.linkedin.com/jobs/view/accounts-receivable-clerk-at-timmins-and-district-hospital-l-h%C3%B4pital-de-timmins-et-du-district-4437159777,ACCOUNTS RECEIVABLE CLERK,,scraped,2026-07-07T01:36:16.743541,
b9778d6a0033dac2,https://fr.linkedin.com/jobs/view/plongeur-h-f-at-mondrian-seoul-itaewon-4431962341,Plongeur H/F,,scraped,2026-07-07T01:36:23.628436,
7f299b0616512f3f,https://fr.linkedin.com/jobs/view/opticien-at-%C3%A9couter-voir-4437114124,Opticien,,scraped,2026-07-07T01:36:30.679275,
8fce9b2025ee5729,https://fr.linkedin.com/jobs/view/cap-en-apprentissage-h-f-at-family-sphere-4433163881,CAP en Apprentissage H/F,Family Sphere,posted,2026-07-07T01:36:48.545471,87
62b885958a4c6ac3,https://fr.linkedin.com/jobs/view/ide-jour-ambulatoire-at-elsan-4437177796,IDE jour Ambulatoire,,scraped,2026-07-07T01:36:51.206020,
a8c6546c2d96e6a7,https://fr.linkedin.com/jobs/view/pr%C3%A9parateur-livreur-de-commandes-en-boulangerie-at-boulangerie-le-signor-4433172360,Préparateur / Livreur de commandes en boulangerie,,scraped,2026-07-07T01:36:59.350286,
70be7a738005ff71,https://fr.linkedin.com/jobs/view/agent-de-surveillance-de-la-voie-publique-h-f-at-ville-de-saint-tropez-4436229477,Agent de surveillance de la Voie Publique H/F,,scraped,2026-07-07T01:37:06.881157,
ba3fdf8c36f396a6,https://fr.linkedin.com/jobs/view/chef-de-rang-h-f-nice-at-tigermilk-group-4434664838,Chef de rang (H/F)- Nice,,scraped,2026-07-07T01:37:18.472685,
62ec585badf0f1e9,https://fr.linkedin.com/jobs/view/garde-d-enfants-babysitting-h-f-at-yoopala-4435241685,"Garde d'enfants, Babysitting (H/F)",,scraped,2026-07-07T01:37:25.020531,
79fe9e8a48bf6acf,https://fr.linkedin.com/jobs/view/garde-d-enfants-babysitting-h-f-at-yoopala-4435441976,"Garde d'enfants, Babysitting (H/F)",,scraped,2026-07-07T01:37:32.144469,
34cb6393ca4f8bba,https://fr.linkedin.com/jobs/view/garde-d-enfants-babysitting-h-f-at-yoopala-4435531711,"Garde d'enfants, Babysitting (H/F)",,scraped,2026-07-07T01:37:39.239122,
e3d36be7641cd96d,https://fr.linkedin.com/jobs/view/agent-de-maintenance-h-f-at-leclerc-le-poire-sur-vie-4436418513,AGENT DE MAINTENANCE - H/F,,scraped,2026-07-07T01:37:46.237821,
604230242f0a0ae0,https://fr.linkedin.com/jobs/view/babysitting-nounou-h-f-at-mykids%21-la-garde-d-enfants-%C3%A0-domicile-4436793722,Babysitting - Nounou H/F,,scraped,2026-07-07T01:37:53.232107,
be72fb1a57441475,https://fr.linkedin.com/jobs/view/french-speaking-content-moderator-social-media-work-in-sofia-bulgaria-at-mercier-consultancy-md-4436987183,"French Speaking Content Moderator Social Media - Work In Sofia, Bulgaria",,scraped,2026-07-07T01:38:00.404174,
914443ab7b70d256,https://fr.linkedin.com/jobs/view/%C3%A9ducateur-trice-sportif-ve-%C3%A0-mi-temps-en-cdi-at-fondation-gabriel-fran%C3%A7ois-richard-4436236558,Éducateur(trice) Sportif(ve) à Mi-Temps en CDI,Fondation Gabriel-François Richard,posted,2026-07-07T01:39:29.290923,89
9d5969cd83358799,https://fr.linkedin.com/jobs/view/assistant-social-h-f-cdi-temps-partiel-at-elsan-4437141642,Assistant social H/F - CDI - Temps partiel,,scraped,2026-07-07T01:39:31.951077,
ce4d630fcc8f384e,https://fr.linkedin.com/jobs/view/responsable-de-pole-promotion-amont-terrain-france-f-h-at-unilasalle-4436232945,RESPONSABLE DE POLE PROMOTION AMONT TERRAIN FRANCE F/H,,scraped,2026-07-07T01:39:39.946339,
e1625215729e1f0e,https://fr.linkedin.com/jobs/view/juriste-g%C3%A9n%C3%A9raliste-f-h-at-bonpoint-4436735618,Juriste Généraliste F/H,,scraped,2026-07-07T01:39:47.275345,
7046dad42f3aadd1,https://fr.linkedin.com/jobs/view/assistante-maternelle-f-h-at-mairie-de-conflans-sainte-honorine-4436231362,Assistante maternelle F/H,,scraped,2026-07-07T01:39:54.291957,
de3e8d6644d8ce68,https://fr.linkedin.com/jobs/view/responsable-comptabilit%C3%A9-tr%C3%A9sorerie-h-f-at-ibb-international-beers-beverages-4437196988,Responsable Comptabilité & Trésorerie (H/F),,scraped,2026-07-07T01:40:02.604934,
300873f609f671ef,https://fr.linkedin.com/jobs/view/inspecteur-technique-caen-at-cimme-sodimat-4437199430,Inspecteur Technique CAEN,,scraped,2026-07-07T01:40:11.331658,
b3cad4f4efdde843,https://fr.linkedin.com/jobs/view/charg%C3%A9-e-de-stock-f-h-at-courir-4436737748,Chargé(e) de Stock - F/H,,scraped,2026-07-07T01:41:14.866092,
dca5042632b2d2b9,https://fr.linkedin.com/jobs/view/copywriter-linkedin-freelance-at-coudac-4436223958,Copywriter Linkedin - Freelance,,scraped,2026-07-07T01:41:22.862179,
b3e799fd656d6534,https://fr.linkedin.com/jobs/view/mecanicien-ne-automobile-f-h-at-groupe-peyrot-automobiles-4436096086,MECANICIEN/NE AUTOMOBILE F/H,,scraped,2026-07-07T01:41:29.435562,
6c802e9e6c6998e3,https://fr.linkedin.com/jobs/view/directrice-directeur-de-magasin-adjoint-f-h-at-courir-4436749002,Directrice - Directeur de Magasin Adjoint - F/H,,scraped,2026-07-07T01:41:36.683453,
0d701b63284811fb,https://fr.linkedin.com/jobs/view/facilities-custodian-at-rogers-police-department-4436248608,FACILITIES: Custodian,,scraped,2026-07-07T01:41:43.922028,
3cd9ebddb9a46237,https://fr.linkedin.com/jobs/view/chauffeur-livreur-pl-f-h-at-r%C3%A9seau-provence-dauphin%C3%A9-4436995359,Chauffeur Livreur PL F/H,,scraped,2026-07-07T01:42:02.300040,
18be8f5df0301267,https://fr.linkedin.com/jobs/view/head-of-engineering-at-jobgether-4436041543,Head of Engineering,,scraped,2026-07-07T01:42:10.333233,
fb779afe6523bf67,https://fr.linkedin.com/jobs/view/business-manager-h-f-at-exalt-4436078751,Business Manager (H/F),,scraped,2026-07-07T01:42:17.080026,
e7d76afde020b510,https://fr.linkedin.com/jobs/view/preparateur-methodes-h-f-at-arial-industries-4436717351,PREPARATEUR METHODES (H/F),,scraped,2026-07-07T01:42:24.362221,
89730aa9919fa103,https://fr.linkedin.com/jobs/view/business-analyst-assurance-h-f-at-talan-4437168258,Business Analyst Assurance - H/F,,scraped,2026-07-07T01:42:33.255201,
8daee83332bab0eb,https://fr.linkedin.com/jobs/view/assistant-manager-h-f-at-bertrand-franchise-4437157632,Assistant Manager H/F,Bertrand Franchise,posted,2026-07-07T01:43:05.771915,91
b06863a017e4f49a,https://fr.linkedin.com/jobs/view/spa-praticien%C2%B7ne-cdi-temps-partiel-week-ends-f-h-at-aquatonic-paris-val-d%E2%80%99europe-4436739353,Spa Praticien·ne - CDI Temps partiel week-ends F/H,Aquatonic Paris Val d’Europe,posted,2026-07-07T01:43:20.249988,93
941903f691a5d05f,https://fr.linkedin.com/jobs/view/assistant-e-s-m%C3%A9nager-e-s-f-h-at-vivaservices-4435229410,Assistant.e.s ménager.e.s F/H,,scraped,2026-07-07T01:43:22.853280,
b6ec58a7d3747201,https://fr.linkedin.com/jobs/view/d%C3%A9m%C3%A9nageur-professionnel-vl-f-h-at-demeco-group-4437193445,Déménageur Professionnel VL F/H,Demeco Group,posted,2026-07-07T01:43:40.817139,95
39b374789f3d886e,https://fr.linkedin.com/jobs/view/garde-d-enfants-babysitting-h-f-at-yoopala-4434961946,"Garde d'enfants, Babysitting (H/F)",,scraped,2026-07-07T01:43:43.385579,
530b560bfa884f59,https://fr.linkedin.com/jobs/view/cardiologue-h-f-at-wink-4435721105,Cardiologue H/F,,scraped,2026-07-07T01:43:50.787325,
807cace5a1a922c2,https://fr.linkedin.com/jobs/view/babysitting-nounou-h-f-at-mykids%21-la-garde-d-enfants-%C3%A0-domicile-4436116566,Babysitting - Nounou H/F,,scraped,2026-07-07T01:43:57.520310,
dc619cefa56e11d7,https://fr.linkedin.com/jobs/view/boucher-f-h-at-monoprix-4425890291,Boucher F/H,,scraped,2026-07-07T01:44:04.557583,
68579a03b0c04b30,https://fr.linkedin.com/jobs/view/boulanger-h-f-cdi-at-proesa-cabinet-de-conseil-recrutement-et-formation-4436031650,Boulanger H/F - CDI,,scraped,2026-07-07T01:44:11.915754,
ff05173c07a119b1,https://fr.linkedin.com/jobs/view/agent-polyvalent-en-coll%C3%A8ge-h-f-at-den-bzh-4433165815,Agent polyvalent en collège H/F,,scraped,2026-07-07T01:44:18.369216,
b34e463167ceb421,https://fr.linkedin.com/jobs/view/chauffeur-livreur-h-f-at-dpd-france-4436243643,Chauffeur Livreur H/F,,scraped,2026-07-07T01:44:25.419407,
b078c9725328a039,https://fr.linkedin.com/jobs/view/barman-barmaid-at-ecg-4434509081,Barman/Barmaid,,scraped,2026-07-07T01:44:32.429689,
f1190afe59829c18,https://fr.linkedin.com/jobs/view/gestionnaire-paie-h-f-at-pay-job-4413642291,Gestionnaire Paie (H/F),,scraped,2026-07-07T01:44:41.303831,
343237d9e2d1ec06,https://fr.linkedin.com/jobs/view/ajusteur-%C3%A9bavureur-f-h-randstad-bayonne-at-aerocontact-4432944535,AJUSTEUR ÉBAVUREUR (F/H) - RANDSTAD BAYONNE,AEROCONTACT.COM,posted,2026-07-07T01:44:59.983420,97
9ddaaa2ea9f41d9b,https://fr.linkedin.com/jobs/view/charg%C3%A9-d-application-des-paies-f-h-at-ville-de-rouen-4436443493,Chargé d'application des paies (F/H),,scraped,2026-07-07T01:45:02.607136,
8f87b56c033bb405,https://fr.linkedin.com/jobs/view/auxiliaire-de-pu%C3%A9riculture-h-f-at-la-gazette-des-communes-4432395040,Auxiliaire de puériculture (H/F),La Gazette des Communes,posted,2026-07-07T01:45:22.466127,99
b936d40828601a01,https://fr.linkedin.com/jobs/view/employ%C3%A9-de-maison-paris-75005-at-madameestservie-net-recrutement-de-personnel-de-maison-de-luxe-4435481197,Employé de maison Paris (75005),,scraped,2026-07-07T01:45:25.112744,
6f149fb4e39141a0,https://fr.linkedin.com/jobs/view/devenez-conducteur%C2%B7trice-de-bus-car-at-transdev-4435784397,Devenez Conducteur·trice de Bus / Car,Transdev,posted,2026-07-07T01:45:41.668644,101
4cf928fc5f9ced14,https://fr.linkedin.com/jobs/view/agent-d-entretien-plateforme-f-h-at-groupe-primever-4436997298,Agent d'entretien plateforme F/H,,scraped,2026-07-07T01:45:44.287504,
b015325a700211f9,https://fr.linkedin.com/jobs/view/aide-%C3%A0-domicile-secteur-condom-h-f-at-admr-4437493443,Aide à domicile - secteur Condom (H/F),,scraped,2026-07-07T01:45:51.800129,
ceb9a35a01c61e14,https://fr.linkedin.com/jobs/view/agent-d-entretien-des-espaces-verts-et-polyvalent-maintenance-en-camping-h-f-at-yelloh-village-europe-plein-air-sas-4437705088,Agent d'entretien des espaces verts et polyvalent maintenance en camping (H/F),,scraped,2026-07-07T01:45:58.965714,
3e4840240686b380,https://fr.linkedin.com/jobs/view/contr%C3%B4leur-qualit%C3%A9-h-f-at-bonduelle-4413692235,Contrôleur qualité (H/F),,scraped,2026-07-07T01:46:12.264363,
d228fe5bdf088ac4,https://fr.linkedin.com/jobs/view/professeur-d-espagnol-enseignant-cours-particuliers-at-tus-media-4436099487,Professeur d'espagnol - Enseignant cours particuliers,,scraped,2026-07-07T01:46:22.366217,
b180493f138021fa,https://fr.linkedin.com/jobs/view/freelance-annotator-english-ai-trainer-at-toloka-annotators-4437188644,Freelance Annotator (English) - AI Trainer,,scraped,2026-07-07T01:46:30.569945,
f27b67e1fcf9a98e,https://fr.linkedin.com/jobs/view/inside-the-top-personal-relations-job-fields-at-usajobs-topapplicant-4437452756,Inside the Top Personal Relations Job Fields,,scraped,2026-07-07T01:46:48.162856,
0a20b1fad60475d9,https://fr.linkedin.com/jobs/view/magasinier-h-f-at-intersport-france-4437159498,Magasinier H/F,INTERSPORT FRANCE,posted,2026-07-07T01:47:12.449874,103
7cd072ebc32ce038,https://fr.linkedin.com/jobs/view/fabricant-de-supports-publicitaires-plv-h-f-at-exhibit-group-4437433394,Fabricant de Supports Publicitaires (PLV) - H/F,,scraped,2026-07-07T01:47:15.241849,
052639345354835c,https://fr.linkedin.com/jobs/view/administrateur-syst%C3%A8me-r%C3%A9seau-administratrice-syst%C3%A8me-r%C3%A9seau-at-kaphisto-rh-audit-accompagnement-formation-4436075854,Administrateur système réseau/Administratrice système réseau,,scraped,2026-07-07T01:47:26.018004,
8202718dc81a1fc4,https://fr.linkedin.com/jobs/view/assistant-conducteur-de-travaux-h-f-at-tso-rail-limited-4436938593,Assistant conducteur de travaux H/F,,scraped,2026-07-07T01:47:32.903656,
16125ac2aa980740,https://fr.linkedin.com/jobs/view/charg%C3%A9-e-de-projet-marketing-et-digital-h-f-cdd-at-siplec-e-leclerc-4436099978,Chargé(e) de projet marketing et digital H/F - CDD,SIPLEC E.LECLERC,posted,2026-07-07T01:47:50.504279,105
d8fb10d945bcd33d,https://fr.linkedin.com/jobs/view/secr%C3%A9taire-m%C3%A9dicale-h-f-at-p%C3%B4le-r%C3%A9gional-du-handicap-4436055013,Secrétaire Médicale H/F,,scraped,2026-07-07T01:47:53.090748,
5303a5afb5dd3c77,https://fr.linkedin.com/jobs/view/r%C3%A9f%C3%A9rent-qualit%C3%A9-h-f-at-lna-sant%C3%A9-4436023353,Référent Qualité H/F,,scraped,2026-07-07T01:48:01.537754,
f8e857b1cb15a433,https://fr.linkedin.com/jobs/view/menuisier-h-f-at-ben-touch-4436093910,Menuisier H/F,Ben Touch,posted,2026-07-07T01:48:17.383759,107
2e8223fd3423538d,https://fr.linkedin.com/jobs/view/conseiller-commercial-immobilier-neuf-vefa-h-f-at-izimmo-4436221211,Conseiller Commercial Immobilier Neuf (VEFA) (H/F),,scraped,2026-07-07T01:48:20.063844,
7ea7036a62677122,https://fr.linkedin.com/jobs/view/dessinateur-industriel-cao-dao-at-transflex-sas-4436922412,Dessinateur Industriel CAO/DAO,,scraped,2026-07-07T01:48:27.877682,
73e78cbef4a50dbd,https://fr.linkedin.com/jobs/view/intervenant-e-social-h-f-at-groupe-sos-4437405774,INTERVENANT.E SOCIAL H/F,,scraped,2026-07-07T01:48:37.388372,
17943b4ab953794a,https://fr.linkedin.com/jobs/view/commercial-en-pharmacie-b22-23-at-evolupharm-4435710301,COMMERCIAL EN PHARMACIE (B22/23),,scraped,2026-07-07T01:48:44.741809,
9d70c33f95a91324,https://fr.linkedin.com/jobs/view/assistant-e-de-direction-h-f-at-inserm-paris-%C3%AEle-de-france-4437103046,Assistant.e de direction - H/F,,scraped,2026-07-07T01:48:51.801531,
e68a4aab60a8591e,https://fr.linkedin.com/jobs/view/nous-recherchons-des-m%C3%A9c%C3%A9nats-de-comp%C3%A9tence-%C3%A0-la-banque-alimentaire-%C3%A0-clermont-ferrand-at-banques-alimentaires-4437103690,Nous recherchons des mécénats de compétence à la Banque Alimentaire à Clermont-ferrand,,scraped,2026-07-07T01:48:58.905099,
46ac4ed56c735750,https://fr.linkedin.com/jobs/view/professeur-d-espagnol-enseignant-cours-particuliers-at-tus-media-4436088883,Professeur d'espagnol - Enseignant cours particuliers,,scraped,2026-07-07T01:49:06.639582,
528d46241aeee097,https://fr.linkedin.com/jobs/view/directeur-de-l-offre-de-service-h-f-at-la-r%C3%A9sidence-sociale-4437421764,Directeur de l'offre de service H/F,,scraped,2026-07-07T01:49:14.840193,
0f3991e3569e4cf3,https://fr.linkedin.com/jobs/view/project-administrator-at-pixel-systems-4436238570,Project Administrator,,scraped,2026-07-07T01:49:24.398378,
e27bcd19cc87488a,https://fr.linkedin.com/jobs/view/community-manager-en-alternance-h-f-at-groupe-ippolito-4435708681,Community Manager en Alternance H/F,,scraped,2026-07-07T01:49:45.315670,
4f48b9cf787e9b9d,https://fr.linkedin.com/jobs/view/ing%C3%A9nieur-raccordement-f-h-at-ocely-4437170077,Ingénieur Raccordement F/H,,scraped,2026-07-07T01:49:53.171570,
10f62fcf68dfb47f,https://fr.linkedin.com/jobs/view/marketing-officer-at-leonar-4436091021,Marketing Officer,,scraped,2026-07-07T01:50:01.777863,
2dae360bfc76906e,https://fr.linkedin.com/jobs/view/vendeur-automobile-hyundai-h-f-at-hyundai-groupe-clim-centre-hyundai-entreprises-4436964415,Vendeur Automobile HYUNDAI H/F,,scraped,2026-07-07T01:50:07.902750,
00bf17185cd57067,https://fr.linkedin.com/jobs/view/become-a-luxury-brand-evaluator-in-paris-american-expats-or-visitor-at-cxg-4436778201,Become a Luxury Brand Evaluator in Paris (American Expats or visitor),,scraped,2026-07-07T01:50:16.355217,
adb0d22e22974b08,https://fr.linkedin.com/jobs/view/directeur-d-agence-at-mint-conseil-4437148474,Directeur d'Agence,,scraped,2026-07-07T01:50:23.476795,
77f16fc4faa1de87,https://fr.linkedin.com/jobs/view/parks-recreation-groundskeeper-i-at-rogers-police-department-4436261096,PARKS & RECREATION: Groundskeeper I,,scraped,2026-07-07T01:50:31.196840,
5be4e85475af5821,https://fr.linkedin.com/jobs/view/h%C3%B4te-de-caisse-etudiant-h-f-at-intersport-france-4437174019,Hôte de caisse - Etudiant H/F,INTERSPORT FRANCE,posted,2026-07-07T01:51:10.737769,109
fc338dd7934c569a,https://fr.linkedin.com/jobs/view/chef-d-%C3%A9quipe-terrassement-h-f-at-tso-rail-limited-4436932856,Chef d'Équipe Terrassement H/F,,scraped,2026-07-07T01:51:13.373723,
d8d5544a5480ad28,https://fr.linkedin.com/jobs/view/charg%C3%A9-e-de-communication-en-apprentissage-f-h-at-fondation-gabriel-fran%C3%A7ois-richard-4436239416,Chargé(e) de Communication en Apprentissage (F/H),,scraped,2026-07-07T01:51:20.292504,
1a52a240fa94c129,https://fr.linkedin.com/jobs/view/responsable-caf%C3%A9t%C3%A9ria-scolaire-h-f-at-mille-et-un-repas-1001-repas-4436365630,responsable cafétéria scolaire H/F,,scraped,2026-07-07T01:51:39.217427,
ed12543c09b922aa,https://fr.linkedin.com/jobs/view/gestionnaire-de-paie-h-f-at-unapei-de-l%E2%80%99oise-4433960990,gestionnaire de paie - H/F,,scraped,2026-07-07T01:51:46.203897,
3972f47d44ef0652,https://fr.linkedin.com/jobs/view/aide-m%C3%A9nager-e-%C3%A0-domicile-h-f-at-merciplus-4435440910,Aide ménager(e) à domicile H/F,,scraped,2026-07-07T01:51:54.070545,
7c6cd50e245b5025,https://fr.linkedin.com/jobs/view/st-operator-m-f-saint-thibault-at-vestas-4435855445,ST Operator (M/F) Saint Thibault,,scraped,2026-07-07T01:52:01.188090,
6cec98a65835220e,https://fr.linkedin.com/jobs/view/poseur-de-cl%C3%B4tures-f-h-at-daniel-moquet-signe-vos-cl%C3%B4tures-4435310379,Poseur de clôtures F/H,,scraped,2026-07-07T01:52:08.662807,
f18855cd1fe349eb,https://fr.linkedin.com/jobs/view/auxiliaire-de-vie-h-f-at-groupe-proseniors-4436950344,Auxiliaire de vie H/F,,scraped,2026-07-07T01:52:16.120328,
30e6c5ecf3dbfedc,https://fr.linkedin.com/jobs/view/ma%C3%AEtre-nageur-se-f-h-at-yelloh-village-europe-plein-air-sas-4436903789,", maître nageur(se) F/H",,scraped,2026-07-07T01:52:25.409855,
7b0ff29d366dac41,https://fr.linkedin.com/jobs/view/conducteur-de-niveleuse-vannes-56-f-h-at-colas-france-4433986623,Conducteur de niveleuse - Vannes (56) F/H,Colas France,posted,2026-07-07T01:53:38.526662,111
ff2dfb045f2dc610,https://fr.linkedin.com/jobs/view/plongeur-h-f-at-bertrand-franchise-4436773789,Plongeur H/F,Bertrand Franchise,posted,2026-07-07T01:54:08.239987,113
3726c454e227f607,https://fr.linkedin.com/jobs/view/carrossier-e-at-toys-motors-4434630022,Carrossier(e),,scraped,2026-07-07T01:54:10.823176,
9bac916af74063e7,https://fr.linkedin.com/jobs/view/p%C3%A9diatre-h-f-at-wink-4434321145,Pédiatre H/F,,scraped,2026-07-07T01:54:18.595749,
f5b095acf88d2755,https://fr.linkedin.com/jobs/view/garde-d-enfants-babysitting-h-f-at-yoopala-4435223166,"Garde d'enfants, Babysitting (H/F)",,scraped,2026-07-07T01:54:25.076992,
a119ddba932feb90,https://fr.linkedin.com/jobs/view/toutes-mains-m%C3%A9nage-at-ecg-4432388372,Toutes mains ménage,,scraped,2026-07-07T01:54:32.386838,
64a97f64204df7fb,https://fr.linkedin.com/jobs/view/p%C3%A9diatre-h-f-at-wink-4434320156,Pédiatre H/F,,scraped,2026-07-07T01:54:39.346213,
c96478f8127704f8,https://fr.linkedin.com/jobs/view/p%C3%A9diatre-h-f-at-wink-4435715256,Pédiatre H/F,,scraped,2026-07-07T01:54:45.687914,
983e0fad2499b91c,https://fr.linkedin.com/jobs/view/garde-d-enfants-babysitting-h-f-at-yoopala-4435548271,"Garde d'enfants, Babysitting (H/F)",,scraped,2026-07-07T01:54:51.942066,
11fdd0142e600c9c,https://fr.linkedin.com/jobs/view/employ%C3%A9-e-de-m%C3%A9nage-h-f-cdi-heidwiller-at-hubliss-4437110696,Employé (e) de ménage H/F CDI Heidwiller,,scraped,2026-07-07T01:54:58.875470,
82dc0b3a2cafa749,https://fr.linkedin.com/jobs/view/garde-d-enfants-babysitting-h-f-at-yoopala-4436038865,"Garde d'enfants, Babysitting (H/F)",,scraped,2026-07-07T01:55:06.183112,
c7da92ffaf8721a7,https://fr.linkedin.com/jobs/view/garde-d-enfants-babysitting-h-f-at-yoopala-4435430869,"Garde d'enfants, Babysitting (H/F)",,scraped,2026-07-07T01:55:12.829347,
da8faa92cefc7ea1,https://fr.linkedin.com/jobs/view/babysitting-nounou-h-f-at-mykids%21-la-garde-d-enfants-%C3%A0-domicile-4435331824,Babysitting - Nounou H/F,,scraped,2026-07-07T01:55:19.626393,
71c99e7aea66d136,https://fr.linkedin.com/jobs/view/aide-a-domicile-at-admr-4436728077,AIDE A DOMICILE,,scraped,2026-07-07T01:55:26.704812,
9a081e229f2af896,https://fr.linkedin.com/jobs/view/r%C3%A9gleur-finisseur-h-f-at-eiffage-route-4272160343,Régleur finisseur (H/F),,scraped,2026-07-07T01:55:33.865696,
f02bbf141e5a3192,https://fr.linkedin.com/jobs/view/aide-a-domicile-at-admr-4436724159,AIDE A DOMICILE,,scraped,2026-07-07T01:55:40.523969,
3cb54e72ed6c81f2,https://fr.linkedin.com/jobs/view/ajusteur-bombardier-h-f-crit-rochefort-at-aerocontact-4437445437,AJUSTEUR - BOMBARDIER  H/F - CRIT ROCHEFORT,AEROCONTACT.COM,posted,2026-07-07T01:55:58.261291,115
8eb964b6441ac164,https://fr.linkedin.com/jobs/view/poissonnier-h-f-at-coop%C3%A9rative-u-4436713421,Poissonnier H/F,Coopérative U,posted,2026-07-07T01:56:31.327341,117
358f77f76746462f,https://fr.linkedin.com/jobs/view/garde-d-enfants-babysitting-h-f-at-yoopala-4434609701,"Garde d'enfants, Babysitting (H/F)",,scraped,2026-07-07T01:56:33.973806,
5cee41adaf9039fa,https://fr.linkedin.com/jobs/view/agent-de-maintenance-des-automates-bancaires-h-f-bordeaux-at-brink%E2%80%99s-inc-4369211379,Agent de maintenance des automates bancaires H/F - BORDEAUX,,scraped,2026-07-07T01:56:40.863698,
ecdc5625005ec5c2,https://fr.linkedin.com/jobs/view/agent-d-entretien-h-f-at-coop%C3%A9rative-u-4437417701,Agent d'entretien H/F,Coopérative U,posted,2026-07-07T01:57:39.504302,119
56007fd65f0ed660,https://fr.linkedin.com/jobs/view/agent-d-entretien-h-f-at-coop%C3%A9rative-u-4431905822,Agent d'entretien H/F,Coopérative U,scraped,2026-07-07T01:58:00.111080,
516cc42a7c4e1ab3,https://fr.linkedin.com/jobs/view/garde-d-enfants-babysitting-h-f-at-yoopala-4436088215,"Garde d'enfants, Babysitting (H/F)",,scraped,2026-07-07T01:58:02.763637,
2d72aa63586edce4,https://fr.linkedin.com/jobs/view/garde-d-enfants-babysitting-h-f-at-yoopala-4435053722,"Garde d'enfants, Babysitting (H/F)",,scraped,2026-07-07T01:58:09.636854,
26fd43debbd9db0f,https://fr.linkedin.com/jobs/view/une-un-agent-polyvalent-manifestations-et-propret%C3%A9-at-ville-de-vichy-4435569551,Une / Un Agent polyvalent Manifestations et Propreté,,scraped,2026-07-07T01:58:16.482502,
d78356334171bf52,https://fr.linkedin.com/jobs/view/employee-commercial-maree-ajaccio-h-f-at-leclerc-le-poire-sur-vie-4436424184,EMPLOYEE COMMERCIAL MAREE AJACCIO - H/F,,scraped,2026-07-07T01:58:23.449883,
fe2174a7a52c8a1d,https://fr.linkedin.com/jobs/view/garde-d-enfants-babysitting-h-f-at-yoopala-4436208092,"Garde d'enfants, Babysitting (H/F)",,scraped,2026-07-07T01:58:30.060724,
2af67d8a5a72c05d,https://fr.linkedin.com/jobs/view/employ%C3%A9-e-de-m%C3%A9nage-h-f-cdi-audincourt-at-hubliss-4437122293,Employé (e) de ménage H/F CDI Audincourt,,scraped,2026-07-07T01:58:37.226930,
6cff10968b0ff749,https://fr.linkedin.com/jobs/view/toutes-mains-m%C3%A9nage-at-ecg-4433998718,Toutes mains ménage,,scraped,2026-07-07T01:58:44.348630,
9634d4b95708024a,https://fr.linkedin.com/jobs/view/opticien-at-%C3%A9couter-voir-4437105639,Opticien,,scraped,2026-07-07T01:58:51.306025,
c15afab47b99c2bd,https://fr.linkedin.com/jobs/view/garde-d-enfants-babysitting-h-f-at-yoopala-4434671670,"Garde d'enfants, Babysitting (H/F)",,scraped,2026-07-07T01:58:58.286519,
0b51016e89b0e272,https://fr.linkedin.com/jobs/view/babysitting-nounou-h-f-at-mykids%21-la-garde-d-enfants-%C3%A0-domicile-4435337380,Babysitting - Nounou H/F,,scraped,2026-07-07T01:59:05.182663,
65484d574409f9d4,https://fr.linkedin.com/jobs/view/p%C3%A9diatre-h-f-at-wink-4434313338,Pédiatre H/F,,scraped,2026-07-07T01:59:12.015862,
e377a9bf351afdfb,https://fr.linkedin.com/jobs/view/agent-administratif-charg%C3%A9-des-cotisations-paris-cdi-at-ordre-national-des-infirmiers-4437175626,Agent administratif chargé des cotisations - Paris - CDI,,scraped,2026-07-07T01:59:18.406677,
ffc5eee41f6e80ff,https://fr.linkedin.com/jobs/view/consultant-chef-de-projet-d%C3%A9ploiement-it-pour-la-t%C3%A9l%C3%A9vision-at-mint-conseil-4437150467,Consultant Chef de Projet Déploiement IT pour la Télévision,,scraped,2026-07-07T01:59:26.059220,
b444017af63bb2ff,https://fr.linkedin.com/jobs/view/acheteur-alternance-paris-h-f-at-groupe-iliad-4436063987,Acheteur Alternance- Paris H/F,,scraped,2026-07-07T01:59:33.575301,
f4ac8abb399988cd,https://fr.linkedin.com/jobs/view/educateur-trice-sp%C3%A9cialis%C3%A9-e-coordinateur-trice-h-f-at-fondation-gabriel-fran%C3%A7ois-richard-4436248082,Educateur(trice) Spécialisé(e) Coordinateur(trice) H/F,,scraped,2026-07-07T01:59:40.656245,
d74b264794dca82a,https://fr.linkedin.com/jobs/view/machine-learning-engineer-at-modjo-4436253118,Machine Learning Engineer,,scraped,2026-07-07T01:59:57.920531,
6711f5fb50c3c15f,https://fr.linkedin.com/jobs/view/plongeur-h-f-at-les-rhodos-sarl-c18-4437152897,Plongeur H/F,,scraped,2026-07-07T02:00:04.648327,
986fee1cc1a53c76,https://fr.linkedin.com/jobs/view/bnssa-h-f-week-end-at-f%C3%A9d%C3%A9ration-nationale-profession-sport-loisirs-4436055179,BNSSA (H/F) week-end,,scraped,2026-07-07T02:00:11.193437,
b5e4c4847c6259a8,https://fr.linkedin.com/jobs/view/vendeuse-vendeur-f-h-at-courir-4437136853,Vendeuse / Vendeur - F/H,,scraped,2026-07-07T02:00:18.486822,
ced355d9eb4b78c1,https://fr.linkedin.com/jobs/view/responsable-de-projets-digitaux-at-capgemini-4437149904,Responsable de projets digitaux,,scraped,2026-07-07T02:00:25.915092,
3c80a1893b9775c7,https://fr.linkedin.com/jobs/view/technico-commercial-march%C3%A9s-publics-et-priv%C3%A9s-h-f-82-at-foussier-4436765806,Technico-commercial Marchés Publics et Privés H/F (82),,scraped,2026-07-07T02:00:32.578776,
678ce57958a1527a,https://fr.linkedin.com/jobs/view/high-ticket-sales-closer-media-marketing-%7E%24250k%2B-ote-remote-inbound-at-inside-success-tv-network-4436966897,High-Ticket Sales Closer (Media/Marketing) | ~$250k+ OTE | Remote | Inbound,,scraped,2026-07-07T02:00:39.736612,
c7f83ae919fbc104,https://fr.linkedin.com/jobs/view/chef-de-projet-spatial-h-f-at-step-up-4436763523,Chef de projet Spatial - H/F,,scraped,2026-07-07T02:01:06.666859,
ecbf147fe82387a8,https://fr.linkedin.com/jobs/view/responsable-d%C3%A9partement-g%C3%A9nie-climatique-h-f-at-groupe-solstyce-4436076691,Responsable département génie climatique H/F,Groupe Solstyce,posted,2026-07-07T02:01:30.315210,121
0011be03f25d195f,https://fr.linkedin.com/jobs/view/assistant-e-communication-stage-paris-f-h-x-at-fastgoodcuisine-4436201631,Assistant(e) Communication - Stage - Paris (F/H/X),,scraped,2026-07-07T02:01:32.955726,
be18e7a0b77979b7,https://fr.linkedin.com/jobs/view/responsable-apr%C3%A8s-vente-automobile-h-f-at-jeanbauche-4436775044,Responsable Après-vente automobile H/F,,scraped,2026-07-07T02:01:40.461820,
415a841dc08655c1,https://fr.linkedin.com/jobs/view/apprenti-cap-petite-enfance-h-f-at-ville-de-sainte-maxime-4436073687,Apprenti CAP petite enfance (H/F),,scraped,2026-07-07T02:01:47.247782,
332468b1db62edc6,https://fr.linkedin.com/jobs/view/vendeur-automobile-h-f-at-gueudet-1880-4436083175,Vendeur Automobile H/F,,scraped,2026-07-07T02:01:54.427281,
77a16cc05a3e0b89,https://fr.linkedin.com/jobs/view/enseignant-apa-h-f-at-inicea-4437142514,Enseignant APA H/F,Inicea,posted,2026-07-07T02:02:13.188213,123
c4b53c89d4923c4d,https://fr.linkedin.com/jobs/view/product-owner-ai-at-gameloft-4437191201,Product Owner AI,,scraped,2026-07-07T02:02:15.890642,
a96c162e72da60e6,https://fr.linkedin.com/jobs/view/content-manager-at-opensuccess-4436219643,Content manager,,scraped,2026-07-07T02:02:23.154902,
62de133e35987d5a,https://fr.linkedin.com/jobs/view/conseiller-apr%C3%A8s-vente-automobile-h-f-at-vauban-automobile-4436769536,Conseiller après-vente automobile (H/F),,scraped,2026-07-07T02:02:29.588521,
d14bc7822796ad45,https://fr.linkedin.com/jobs/view/volumiste-et-concepteur-de-packaging-ch%C3%A2teau-renault-37-f-h-at-gdcom-group-4436984910,Volumiste et Concepteur de Packaging - Château-Renault (37) F/H,GDCom Group,posted,2026-07-07T02:03:22.282670,125
e1395615a78c144f,https://fr.linkedin.com/jobs/view/inside-sales-closer-tv-marketing-%7E%24200k-ote-100%25-inbound-at-inside-success-tv-network-4436981467,Inside Sales Closer (TV/Marketing) | ~$200k OTE | 100% Inbound,Inside Success TV & Network,posted,2026-07-07T02:03:33.096302,127
c0de20b630a990a3,https://fr.linkedin.com/jobs/view/chef-d-%C3%A9quipe-at-groupe-roger-martin-4436218542,Chef d'équipe,,scraped,2026-07-07T02:03:35.735911,
7846ccd2b9710de1,https://fr.linkedin.com/jobs/view/responsable-de-production-chef-d-atelier-m%C3%A9tallurgique-h-f-at-chalon-megard-4436051300,Responsable de Production / Chef d'Atelier Métallurgique H/F,CHALON MEGARD,posted,2026-07-07T02:04:13.077962,129
cd41d1707491b7ef,https://fr.linkedin.com/jobs/view/employ%C3%A9-e-polyvalent-e-snack-at-ecg-4436936919,Employé(e) polyvalent(e) snack,,scraped,2026-07-07T02:04:15.678302,
08415b634a78e9f6,https://fr.linkedin.com/jobs/view/hr-business-partner-manager-at-fosun-%E5%A4%8D%E6%98%9F-4436079364,HR Business Partner Manager,,scraped,2026-07-07T02:04:22.349511,
816dd5e3c7276732,https://fr.linkedin.com/jobs/view/alt-commis-plongeur-polyvalent-cdd-saisonnier-h-f-at-best-mont-blanc-4436213262,ALT_COMMIS PLONGEUR POLYVALENT CDD SAISONNIER H/F,,scraped,2026-07-07T02:04:29.581906,
7828ff8dce57075a,https://fr.linkedin.com/jobs/view/%C3%A9ducateur-sportif-%C3%A9ducatrice-sportive-h-f-at-f%C3%A9d%C3%A9ration-nationale-profession-sport-loisirs-4436260320,Éducateur sportif / Éducatrice sportive (H/F),,scraped,2026-07-07T02:04:37.534893,
e20967f557ea49a1,https://fr.linkedin.com/jobs/view/cuisinier-h-f-at-l-autre-usine-4436731131,Cuisinier (H/F),L'Autre Usine,posted,2026-07-07T02:05:08.170609,131
e52db63745c77ce3,https://fr.linkedin.com/jobs/view/responsable-commercial-sud-est-f-h-%F0%9F%8C%9F-at-fonroche-lighting-fr-4436224440,Responsable commercial Sud-Est (F/H) 🌟,,scraped,2026-07-07T02:05:10.809137,
4cd574c1de792703,https://fr.linkedin.com/jobs/view/n%C3%A9gociateur-trice-immobilier-at-canopia-immobilier-4437185511,Négociateur(trice) Immobilier,Canopia Immobilier,posted,2026-07-07T02:05:35.071719,133
271c2def8dd1b0f2,https://fr.linkedin.com/jobs/view/responsable-d-agence-at-les-peintures-r%C3%A9unies-sn-4435709737,Responsable d'agence,,scraped,2026-07-07T02:05:37.611651,
b10f3116b13de593,https://fr.linkedin.com/jobs/view/vendeur-automobile-h-f-at-groupe-central-autos-4437436342,Vendeur automobile H/F,,scraped,2026-07-07T02:06:16.698647,
448d62a096f5dd46,https://fr.linkedin.com/jobs/view/commis-de-cuisine-h-f-cdd-at-hotel-lancaster-paris-champs-elys%C3%A9es-4436904561,Commis de cuisine H/F CDD,,scraped,2026-07-07T02:06:24.486785,
78efab70b07010f1,https://fr.linkedin.com/jobs/view/projeteur-h-f-at-tso-rail-limited-4436949184,Projeteur H/F,,scraped,2026-07-07T02:06:31.314184,
a445dd46f77d4746,https://fr.linkedin.com/jobs/view/responsable-d-agence-assurance-h-f-at-%C5%8Ddas-conseil-4437493093,Responsable d'Agence Assurance (H/F),,scraped,2026-07-07T02:06:38.964134,
ff63150a4ab196b2,https://fr.linkedin.com/jobs/view/vendeur-vendeuse-en-boutique-at-aubert-4437442273,Vendeur / Vendeuse en boutique,,scraped,2026-07-07T02:08:02.344766,
51fcf5f2309d0c3e,https://fr.linkedin.com/jobs/view/responsable-adjoint-e-en-restauration-h-f-at-scolarest-4436911223,RESPONSABLE ADJOINT(E) EN RESTAURATION H/F,Scolarest,posted,2026-07-07T02:08:20.345156,135
03a30c235c28d069,https://fr.linkedin.com/jobs/view/responsable-administratif-ve-financier-%C3%A8re-f-h-at-polo-properties-4437154311,Responsable Administratif(ve) & Financier(ère) F/H,,scraped,2026-07-07T02:08:22.907349,
c1309a3cc5a85069,https://fr.linkedin.com/jobs/view/equipier-snack-h-f-at-belambra-4435168138,Equipier snack H/F,,scraped,2026-07-07T02:08:34.110422,
b8b8a2036c1cd044,https://fr.linkedin.com/jobs/view/chauffeur-livreur-h-f-at-dpd-france-4435453610,Chauffeur livreur H/F,,scraped,2026-07-07T02:08:41.707793,
32c228312de23e61,https://fr.linkedin.com/jobs/view/ma%C3%AEtre-ou-ma%C3%AEtresse-de-maison-h-f-at-fondation-ove-4434629061,Maître ou Maîtresse de maison H/F,,scraped,2026-07-07T02:09:52.276510,
c266439e488e4be8,https://fr.linkedin.com/jobs/view/conducteur-de-ligne-en-2x8-h-f-at-sodebo-4433957032,Conducteur de ligne en 2x8 H/F,,scraped,2026-07-07T02:10:00.273287,
650a0f79ee9d5834,https://fr.linkedin.com/jobs/view/auditeur-h-f-at-pierre-marx-et-associ%C3%A9s-4434356491,Auditeur  (H/F),,scraped,2026-07-07T02:10:07.505607,
37068d46448c32b7,https://fr.linkedin.com/jobs/view/agent-de-surveillance-f-h-at-carrefour-4433951040,Agent de Surveillance (F/H),Carrefour,posted,2026-07-07T02:10:25.654804,137
0fdc35d4d0d37010,https://fr.linkedin.com/jobs/view/boucher-f-h-at-bio-c-%E2%80%8B-bon-4434340802,Boucher (F/H),Bio c' Bon & So.bio,posted,2026-07-07T02:10:37.181282,139
c0cd9f3916b9cf3f,https://fr.linkedin.com/jobs/view/pilote-instructeur-h%C3%A9licopt%C3%A8re-h-f-at-heli-union-training-center-4437193969,PILOTE INSTRUCTEUR HÉLICOPTÈRE (H/F),,scraped,2026-07-07T02:10:39.970178,
50bdede35201b5af,https://fr.linkedin.com/jobs/view/canalisateur-at-groupe-roger-martin-4436211757,Canalisateur,,scraped,2026-07-07T02:10:47.098787,
576c8b68833de5aa,https://fr.linkedin.com/jobs/view/p%C3%A2tissier-f-h-at-carrefour-4423125160,Pâtissier (F/H),Carrefour,posted,2026-07-07T02:11:05.151060,141
b4659cd5d09b54a2,https://fr.linkedin.com/jobs/view/assistant-conducteur-de-travaux-h-f-at-tso-rail-limited-4436935784,Assistant conducteur de travaux H/F,,scraped,2026-07-07T02:11:07.783160,
2bc5e1b1e1682d4f,https://fr.linkedin.com/jobs/view/responsable-achats-packaging-h-f-at-gozoki-4436257380,Responsable Achats Packaging (H/F),GOZOKI,posted,2026-07-07T02:11:23.786410,143
08c90dd1e458c991,https://fr.linkedin.com/jobs/view/chef-de-projets-h-f-at-ameg-group-ing%C3%A9nierie-industrielle-4437432464,Chef de Projets H/F,,scraped,2026-07-07T02:11:26.550110,
32f0375db9c3e8f2,https://fr.linkedin.com/jobs/view/pr%C3%A9parateur-livreur-e-commerce-h-f-at-coop%C3%A9rative-u-4436998362,Préparateur/livreur e-commerce H/F,Coopérative U,posted,2026-07-07T02:11:44.455036,145
7664ce945e7b37a7,https://fr.linkedin.com/jobs/view/data-analyst-f-h-at-celios-4436209447,Data Analyst F/H,,scraped,2026-07-07T02:11:47.294093,
9aeeece2bb8848d8,https://fr.linkedin.com/jobs/view/acheteur-it-f-h-at-lucie-ultrafrais-4436074478,Acheteur IT (F/H),Lucie ultrafrais,posted,2026-07-07T02:12:04.534220,147
47a5d54294026130,https://fr.linkedin.com/jobs/view/executive-engagement-lead-office-of-the-cro-at-jobgether-4435763811,"Executive Engagement Lead, Office of the CRO",,scraped,2026-07-07T02:12:07.366834,
859f6d897731252f,https://fr.linkedin.com/jobs/view/commis-de-cuisine-h-f-at-mil%C3%A9ade-4436913065,COMMIS DE CUISINE H/F,,scraped,2026-07-07T02:12:13.792588,
a5d2305c8b307eeb,https://fr.linkedin.com/jobs/view/business-analyst-transverse-finance-h-f-at-talan-4437158591,Business Analyst Transverse Finance - H/F,,scraped,2026-07-07T02:12:21.978046,
04250cf359460de8,https://fr.linkedin.com/jobs/view/directeur-projets-infrastructures-at-groupe-roger-martin-4436202989,Directeur projets infrastructures,,scraped,2026-07-07T02:12:29.061226,
d514bb9c24f31874,https://fr.linkedin.com/jobs/view/technical-product-manager-%E2%80%93-wan-network-connectivity-at-jobgether-4435785395,Technical Product Manager – WAN & Network Connectivity,,scraped,2026-07-07T02:12:37.138206,
9c653293a6ff7e7a,https://fr.linkedin.com/jobs/view/m%C3%A9canicien-automobile-f-h-at-groupement-des-concessionnaires-renault-4436207208,Mécanicien automobile F/H,GROUPEMENT DES CONCESSIONNAIRES RENAULT,posted,2026-07-07T02:13:20.157527,149
6692b317d2c6c90d,https://fr.linkedin.com/jobs/view/cuisinier-h-f-at-scolarest-4436794820,CUISINIER H/F,Scolarest,posted,2026-07-07T02:13:28.166898,131
20571f920d5822df,https://fr.linkedin.com/jobs/view/assistant-chef-de-projet-at-groupe-dmm-4437405157,Assistant chef de projet,,scraped,2026-07-07T02:13:30.822679,
f1cb7e38c1150c45,https://fr.linkedin.com/jobs/view/alternance-assistant-e-production-f-h-at-barbara-bui-4436759294,Alternance - Assistant.e Production (F/H),,scraped,2026-07-07T02:13:40.038909,
7b087672e6825f7c,https://fr.linkedin.com/jobs/view/%C3%A9ducateur-sportif-%C3%A9ducatrice-sportive-h-f-at-f%C3%A9d%C3%A9ration-nationale-profession-sport-loisirs-4436249680,Éducateur sportif / Éducatrice sportive (H/F),,scraped,2026-07-07T02:13:47.912086,
47144d122d7db474,https://fr.linkedin.com/jobs/view/french-speaking-customer-service-agent-work-in-athens-greece-at-mercier-consultancy-md-4437106582,"French Speaking Customer Service Agent - Work In Athens, Greece",Mercier Consultancy MD,posted,2026-07-07T02:14:02.003291,151
525f3634dc66b5cd,https://fr.linkedin.com/jobs/view/aide-porcher-etudiant-f-h-at-terdici-4436722981,Aide-porcher - Etudiant F/H,TERDICI,posted,2026-07-07T02:15:17.038265,153
b759c4a8c87a80e8,https://fr.linkedin.com/jobs/view/livreur-de-journaux-de-nuit-77-f-h-at-proximy-4437423370,Livreur de journaux de nuit - 77 - F/H,,scraped,2026-07-07T02:15:19.716348,
091c6973d6da1216,https://fr.linkedin.com/jobs/view/kering-sustainable-sourcing-assistant-at-kering-4436763408,KERING Sustainable Sourcing Assistant,,scraped,2026-07-07T02:16:30.274639,
c9474886fcb5743b,https://fr.linkedin.com/jobs/view/agent-de-surete-aeroportuaire-t7-air-france-cargo-h-f-at-seris-france-4436215580,agent de surete aeroportuaire T7 Air france cargo H/F,,scraped,2026-07-07T02:16:36.928755,
9300c9d6ceda4b04,https://fr.linkedin.com/jobs/view/technicien-multi-entretien-en-maintenance-b%C3%A2timent-h-f-at-proxiserve-nord-est-4435770005,Technicien multi entretien en maintenance bâtiment H/F,,scraped,2026-07-07T02:16:45.040524,
d119e39f74eb2968,https://fr.linkedin.com/jobs/view/r%C3%A9dacteur-ukraine-conflit-politique-%C3%A9trang%C3%A8re-aspects-juridiques-f-h-at-minist%C3%A8re-des-affaires-%C3%A9trang%C3%A8res-fran%C3%A7ais-4436770653,"Rédacteur Ukraine - conflit, politique étrangère, aspects juridiques (F/H)",Ministère de l'Europe et des Affaires étrangères,posted,2026-07-07T02:17:12.372017,155
0524ed3b314ef56d,https://fr.linkedin.com/jobs/view/account-executive-europe-du-nord-h-f-at-mad-4436093928,Account Executive - Europe du Nord H/F,,scraped,2026-07-07T02:17:15.092010,
b4e72ef2a0513749,https://fr.linkedin.com/jobs/view/ma%C3%AEtre-d-oeuvre-d-ex%C3%A9cution-moex-cdi-paris-at-plan%C3%A8te-management-4436090282,Maître d'Oeuvre d'Exécution (MOEx) - CDI - Paris,,scraped,2026-07-07T02:17:23.983146,
a98416f13deb42aa,https://fr.linkedin.com/jobs/view/alternant-e-marketing-digital-communication-at-restorfx-france-4436321758,Alternant(e) Marketing Digital & Communication,,scraped,2026-07-07T02:17:31.143835,
b72d90b964b4c2a3,https://fr.linkedin.com/jobs/view/cdi-charg%C3%A9-d-affaires-couverture-clichy-40-50k-at-briks-recrutement-immobilier-et-construction-4436082642,[CDI] Chargé d'Affaires Couverture / Clichy / 40-50K,Briks - Recrutement immobilier et construction,posted,2026-07-07T02:18:25.755560,157
d3a951c1e427e4a0,https://fr.linkedin.com/jobs/view/commercial-d%C3%A9veloppement-r%C3%A9seau-en-r%C3%A9sidence-pour-seniors-h-f-at-domitys-4437478248,Commercial développement réseau en résidence pour seniors H/F,,scraped,2026-07-07T02:18:28.487404,
81b009965a4deddf,https://fr.linkedin.com/jobs/view/assistant-e-de-direction-droit-h-f-at-universit%C3%A9-catholique-de-lyon-4436932527,Assistant(e) de Direction Droit H/F,Université Catholique de Lyon,posted,2026-07-07T02:18:45.061760,159
31f462931569952f,https://fr.linkedin.com/jobs/view/boucher-h-f-at-leclerc-le-poire-sur-vie-4436416585,BOUCHER - H/F,,scraped,2026-07-07T02:18:47.786409,
2420f218a8449b62,https://fr.linkedin.com/jobs/view/agent-d-entretien-m%C3%A9nager-h-f-at-wink-4434325024,Agent d'entretien ménager H/F,,scraped,2026-07-07T02:19:57.816280,
38a02e255846382e,https://fr.linkedin.com/jobs/view/cardiologue-h-f-at-wink-4435020133,Cardiologue H/F,,scraped,2026-07-07T02:20:04.410269,
b17ad5b165866ebc,https://fr.linkedin.com/jobs/view/plieur-h-f-appiman-at-aerocontact-4436714825,Plieur H/F - APPIMAN,AEROCONTACT.COM,posted,2026-07-07T02:20:21.685205,161
0fc9f193d41d4fc5,https://fr.linkedin.com/jobs/view/cardiologue-h-f-at-wink-4435279892,Cardiologue H/F,,scraped,2026-07-07T02:20:24.293952,
b031778716aeb293,https://fr.linkedin.com/jobs/view/cardiologue-h-f-at-wink-4435714262,Cardiologue H/F,,scraped,2026-07-07T02:20:30.681249,
91907b4c3e007c8f,https://fr.linkedin.com/jobs/view/auxiliaire-de-vie-at-admr-4437426861,Auxiliaire de vie,,scraped,2026-07-07T02:21:40.634708,
6e0cc6d2a8bf827a,https://fr.linkedin.com/jobs/view/garde-d-enfants-babysitting-h-f-at-yoopala-4435056018,"Garde d'enfants, Babysitting (H/F)",,scraped,2026-07-07T02:21:47.628597,
284e382c3f9361f7,https://fr.linkedin.com/jobs/view/pr%C3%A9parateur-e-commerce-h-f-at-coop%C3%A9rative-u-4436703799,Préparateur e-commerce H/F,Coopérative U,posted,2026-07-07T02:23:09.355120,163
955a5a8142258f9c,https://fr.linkedin.com/jobs/view/ma%C3%A7on-vrd-f-h-at-eiffage-route-4361002514,Maçon VRD (F/H),,scraped,2026-07-07T02:23:12.078837,
7d42ca713c125ee5,https://fr.linkedin.com/jobs/view/p%C3%A9diatre-h-f-at-wink-4434323148,Pédiatre H/F,,scraped,2026-07-07T02:23:18.881344,
028eea3b2065db03,https://fr.linkedin.com/jobs/view/p%C3%A9diatre-h-f-at-wink-4434311386,Pédiatre H/F,,scraped,2026-07-07T02:23:25.318974,
c77fb5c9197cd65a,https://fr.linkedin.com/jobs/view/boucher-h-f-at-leclerc-le-poire-sur-vie-4436412865,BOUCHER - H/F,,scraped,2026-07-07T02:23:31.655305,
b47bdb8c42dc4f67,https://fr.linkedin.com/jobs/view/cardiologue-h-f-at-wink-4435004715,Cardiologue H/F,,scraped,2026-07-07T02:23:38.152748,
96474dc8b6a0d90c,https://fr.linkedin.com/jobs/view/ajusteur-ebavureur-h-f-appiman-at-aerocontact-4436774644,Ajusteur Ebavureur H/F - APPIMAN,AEROCONTACT.COM,posted,2026-07-07T02:23:53.288055,165
e0438233eb302304,https://fr.linkedin.com/jobs/view/boucher-h-f-at-leclerc-le-poire-sur-vie-4436416571,BOUCHER - H/F,,scraped,2026-07-07T02:23:55.932760,
2a47bdcf8ed5708b,https://fr.linkedin.com/jobs/view/auxiliaire-de-vie-h-f-at-destia-4435131723,Auxiliaire de vie (H/F),DESTIA,posted,2026-07-07T02:24:46.563852,167
c421372a31ab5d33,https://fr.linkedin.com/jobs/view/garde-d-enfants-babysitting-h-f-at-yoopala-4435227926,"Garde d'enfants, Babysitting (H/F)",,scraped,2026-07-07T02:24:49.204138,
7e5c6be60ee0ebef,https://fr.linkedin.com/jobs/view/animateur-jeunes-h-f-at-belambra-4436149981,Animateur jeunes H/F,,scraped,2026-07-07T02:24:56.001378,
71becaf01451d111,https://fr.linkedin.com/jobs/view/manutentionnaire-h-f-supplay-vannes-at-aerocontact-4436389460,MANUTENTIONNAIRE h/f - SUPPLAY VANNES,AEROCONTACT.COM,posted,2026-07-07T02:25:13.454290,169
